etime(s)	ex	ey	tx	ty	dx	dy	ds
0.000000	621.686367	460.218828	646.844588	462.446174	25.158220	2.227346	25.256625
0.033333	621.294452	456.881822	647.764515	462.313202	26.470063	5.431380	27.021549
0.066667	620.161006	458.563803	647.477647	461.920470	27.316642	3.356667	27.522102
0.100000	617.540050	451.407982	648.207431	461.343363	30.667381	9.935381	32.236626
0.133333	616.163913	457.013624	649.014677	460.861721	32.850764	3.848097	33.075377
0.166667	613.134795	442.396598	648.731537	460.279921	35.596742	17.883323	39.836432
0.200000	622.501275	471.884293	648.302859	460.054187	25.801584	-11.830106	28.384382
0.233333	624.193682	390.945544	646.220386	460.137892	22.026704	69.192348	72.613750
0.266667	579.133709	309.607371	644.115552	460.537710	64.981843	150.930340	164.324701
0.300000	625.632269	485.379217	642.142519	460.838800	16.510251	-24.540417	29.577364
0.333333	618.182654	460.989228	633.202315	460.796303	15.019661	-0.192925	15.020900
0.366667	598.090098	468.534338	618.846041	461.067519	20.755942	-7.466819	22.058162
0.400000	589.612170	459.251649	606.649037	462.077559	17.036867	2.825911	17.269644
0.433333	576.615226	463.486572	595.492903	464.621393	18.877677	1.134820	18.911756
0.466667	562.219287	466.692167	582.730911	467.745658	20.511624	1.053491	20.538661
0.500000	543.678456	471.910984	567.533699	470.984373	23.855243	-0.926612	23.873232
0.533333	528.326491	472.241692	549.471329	474.340963	21.144838	2.099270	21.248791
0.566667	516.497336	473.570347	536.092932	476.378059	19.595596	2.807712	19.795722
0.600000	507.888225	472.608837	525.828819	476.352521	17.940595	3.743684	18.327032
0.633333	500.975919	473.914651	511.069740	474.833140	10.093821	0.918489	10.135524
0.666667	491.322931	472.436460	499.841152	473.482202	8.518221	1.045743	8.582172
0.700000	482.665433	469.294891	491.108399	473.205518	8.442966	3.910626	9.304658
0.733333	468.617561	463.958564	477.130880	472.408005	8.513319	8.449441	11.994568
0.766667	459.787133	459.598717	467.951361	471.423252	8.164228	11.824535	14.369212
0.800000	452.301332	463.846573	465.263541	473.823160	12.962209	9.976587	16.356991
0.833333	455.809355	468.717343	460.115946	477.803420	4.306591	9.086076	10.055024
0.866667	455.320475	475.303012	456.803015	480.425312	1.482540	5.122301	5.332531
0.900000	458.305227	484.209079	459.999939	488.547112	1.694712	4.338033	4.657314
0.933333	460.471371	498.334399	464.493040	502.455851	4.021669	4.121452	5.758488
0.966667	461.137746	504.916325	468.046781	511.275650	6.909035	6.359325	9.390196
1.000000	464.433024	506.172006	473.863826	514.714868	9.430802	8.542863	12.724800
1.033333	469.409008	505.337066	480.308826	516.974011	10.899818	11.636945	15.944420
1.066667	476.988652	507.736187	484.366404	516.944546	7.377752	9.208360	11.799369
1.100000	483.576989	509.405192	486.848150	514.585864	3.271161	5.180671	6.126977
1.133333	485.370454	507.574406	489.159106	511.837460	3.788653	4.263053	5.703290
1.166667	486.974556	506.032664	490.610609	509.683900	3.636053	3.651236	5.152903
1.200000	485.043758	504.807048	490.588252	508.325419	5.544495	3.518371	6.566609
1.233333	483.327871	503.969493	490.606633	508.394689	7.278762	4.425196	8.518377
1.266667	484.304824	503.451514	491.306804	509.622493	7.001980	6.170979	9.333205
1.300000	485.161223	505.751549	491.316409	511.332727	6.155187	5.581178	8.308783
1.333333	488.579142	509.558162	490.305140	513.572144	1.725997	4.013983	4.369339
1.366667	487.506897	508.625864	489.261185	514.805051	1.754288	6.179188	6.423386
1.400000	485.543000	502.329184	486.983384	512.689611	1.440384	10.360427	10.460074
1.433333	487.755977	495.370616	482.535573	508.408399	-5.220404	13.037784	14.044089
1.466667	487.853191	493.240313	479.727698	506.106387	-8.125493	12.866074	15.217079
1.500000	485.569067	487.689463	478.351014	504.338202	-7.218053	16.648739	18.146096
1.533333	481.232564	483.022016	474.696349	499.254358	-6.536215	16.232342	17.498887
1.566667	478.035692	477.788410	472.134406	494.948235	-5.901286	17.159825	18.146205
1.600000	478.291646	480.819513	471.486707	494.270355	-6.804939	13.450842	15.074227
1.633333	478.641093	483.588003	470.046872	496.274543	-8.594221	12.686540	15.323477
1.666667	479.139299	481.928027	468.868683	500.180014	-10.270616	18.251987	20.943270
1.700000	477.683566	482.400733	468.407046	503.120581	-9.276520	20.719848	22.701673
1.733333	476.824714	478.912577	467.466576	502.855079	-9.358138	23.942501	25.706383
1.766667	474.725337	477.081788	465.739691	500.301622	-8.985646	23.219834	24.897842
1.800000	471.176240	474.107134	463.182347	497.099697	-7.993893	22.992563	24.342561
1.833333	469.238630	472.748152	459.978622	493.831630	-9.260007	21.083477	23.027391
1.866667	470.821604	473.483596	457.044422	491.075740	-13.777182	17.592144	22.344893
1.900000	472.015128	473.545278	454.586300	488.972580	-17.428827	15.427302	23.275860
1.933333	471.030434	470.274167	452.289964	486.939474	-18.740471	16.665307	25.078630
1.966667	466.519622	467.593482	450.419947	485.897919	-16.099675	18.304437	24.377284
2.000000	465.478259	465.348502	448.891082	484.749645	-16.587177	19.401143	25.525258
2.033333	464.201493	460.510438	448.116245	480.780389	-16.085248	20.269951	25.876748
2.066667	463.044378	454.403155	447.307400	475.175171	-15.736978	20.772016	26.060106
2.100000	449.734017	442.754854	444.963876	468.132512	-4.770141	25.377658	25.822079
2.133333	439.835875	434.538790	442.517579	459.645013	2.681703	25.106223	25.249038
2.166667	441.182478	435.249179	440.244134	454.967843	-0.938344	19.718664	19.740977
2.200000	440.036038	433.208815	440.628894	455.155372	0.592856	21.946557	21.954563
2.233333	445.545362	430.945185	445.660764	454.296643	0.115402	23.351458	23.351743
2.266667	452.013351	428.960823	450.545804	453.584505	-1.467547	24.623682	24.667375
2.300000	454.484610	422.401574	453.998308	451.798795	-0.486302	29.397221	29.401243
2.333333	459.665888	416.241207	460.467356	442.189892	0.801468	25.948685	25.961059
2.366667	466.810693	409.890485	468.720280	431.651564	1.909587	21.761078	21.844703
2.400000	474.783617	402.694889	472.845431	426.702635	-1.938186	24.007745	24.085855
2.433333	473.988679	403.041884	470.778990	422.050197	-3.209688	19.008313	19.277398
2.466667	467.948312	406.680028	465.508273	418.167286	-2.440039	11.487258	11.743547
2.500000	471.375442	409.907891	462.671695	420.419277	-8.703747	10.511386	13.647141
2.533333	473.394881	416.696540	464.117620	429.028665	-9.277260	12.332125	15.432072
2.566667	475.059334	425.634997	464.618047	439.278093	-10.441287	13.643096	17.180062
2.600000	469.600880	430.915142	461.410392	445.381265	-8.190488	14.466123	16.623863
2.633333	456.895174	426.476810	456.415334	443.974809	-0.479840	17.497999	17.504577
2.666667	447.612091	414.355583	451.135895	433.535920	3.523804	19.180337	19.501347
2.700000	449.917824	404.144097	449.266316	418.913852	-0.651508	14.769755	14.784118
2.733333	457.187227	399.796084	452.870515	411.034279	-4.316712	11.238194	12.038730
2.766667	463.722180	396.423290	458.821436	411.639292	-4.900744	15.216002	15.985744
2.800000	461.635906	387.159918	461.148057	411.053212	-0.487849	23.893295	23.898275
2.833333	459.262319	384.101705	458.201393	407.813535	-1.060926	23.711830	23.735552
2.866667	458.774112	383.815498	455.285803	406.264093	-3.488310	22.448595	22.718004
2.900000	457.683140	388.899081	453.899561	406.884442	-3.783579	17.985360	18.379028
2.933333	454.520511	388.465964	450.862085	410.935604	-3.658426	22.469639	22.765517
2.966667	447.919409	392.148629	447.316174	414.919749	-0.603235	22.771120	22.779109
3.000000	441.513912	398.983095	442.011965	417.008537	0.498053	18.025442	18.032322
3.033333	434.623320	407.990883	431.694544	422.416928	-2.928776	14.426046	14.720344
3.066667	428.004819	409.877072	423.866960	426.320309	-4.137859	16.443237	16.955882
3.100000	417.468741	406.405743	420.953424	422.444613	3.484683	16.038870	16.413055
3.133333	412.494168	400.780726	414.130026	415.369222	1.635858	14.588495	14.679926
3.166667	408.627159	393.090598	408.356536	409.721419	-0.270623	16.630821	16.633023
3.200000	412.059328	403.513529	410.703595	410.510146	-1.355733	6.996617	7.126756
3.233333	415.297537	413.830428	414.457410	418.696378	-0.840127	4.865951	4.937944
3.266667	415.367142	412.205437	416.987369	422.990914	1.620226	10.785477	10.906496
3.300000	420.610158	402.614084	418.462525	417.031660	-2.147633	14.417576	14.576653
3.333333	425.009987	394.925328	418.713641	409.518314	-6.296346	14.592986	15.893370
3.366667	423.388495	387.399837	418.527348	404.477990	-4.861147	17.078153	17.756522
3.400000	419.736307	380.560770	413.905071	397.799455	-5.831236	17.238685	18.198230
3.433333	415.237143	376.165892	405.413623	390.596655	-9.823520	14.430763	17.457046
3.466667	408.834352	373.628971	398.869507	387.097449	-9.964845	13.468478	16.754045
3.500000	402.105810	372.719792	392.457180	386.827734	-9.648630	14.107942	17.091813
3.533333	396.152262	371.823338	383.508905	386.109450	-12.643357	14.286112	19.077407
3.566667	393.236989	375.381997	376.162169	384.979075	-17.074820	9.597078	19.587072
3.600000	389.506499	373.226175	372.032625	387.119567	-17.473874	13.893393	22.324037
3.633333	387.993417	375.534034	368.826187	394.233387	-19.167230	18.699353	26.777762
3.666667	383.351013	383.806307	366.116484	403.988898	-17.234529	20.182592	26.539894
3.700000	379.987458	388.256961	362.928911	410.470890	-17.058547	22.213930	28.008083
3.733333	375.857075	386.612524	358.564741	410.234450	-17.292334	23.621926	29.274907
3.766667	377.687421	379.255069	356.090757	406.529508	-21.596664	27.274438	34.789523
3.800000	389.005396	379.744149	358.901082	403.900376	-30.104314	24.156227	38.597837
3.833333	385.999459	376.987642	365.966997	404.805515	-20.032461	27.817873	34.280221
3.866667	382.343907	372.391851	371.081001	408.205264	-11.262905	35.813413	37.542690
3.900000	386.090771	376.007329	371.661625	411.233804	-14.429146	35.226475	38.067109
3.933333	385.271773	377.146283	370.756044	412.207738	-14.515729	35.061455	37.947490
3.966667	385.690414	380.441192	370.750043	413.555294	-14.940371	33.114102	36.328480
4.000000	383.678116	382.725805	370.777253	416.992697	-12.900863	34.266892	36.614918
4.033333	385.961972	391.190736	370.276142	420.874330	-15.685829	29.683594	33.573219
4.066667	392.209216	403.899033	372.205842	426.329524	-20.003374	22.430491	30.054316
4.100000	398.627772	414.649433	377.510243	433.565675	-21.117529	18.916242	28.350912
4.133333	401.512946	414.013343	382.353555	438.600277	-19.159392	24.586934	31.170493
4.166667	398.503163	411.427040	382.788267	439.347169	-15.714896	27.920129	32.038907
4.200000	391.150531	404.077622	378.777153	437.493391	-12.373378	33.415770	35.633049
4.233333	387.246793	397.095453	374.752257	436.578001	-12.494536	39.482549	41.412378
4.266667	390.105908	415.474116	372.779649	437.690834	-17.326259	22.216719	28.174134
4.300000	392.688656	416.089390	370.560557	438.237551	-22.128099	22.148161	31.308047
4.333333	377.742728	414.436299	368.640802	435.158281	-9.101926	20.721982	22.632844
4.366667	395.331315	383.213149	368.624750	426.534341	-26.706565	43.321191	50.891711
4.400000	378.619571	406.341139	369.119079	413.456476	-9.500491	7.115337	11.869598
4.433333	381.546785	327.741962	368.791266	399.178881	-12.755519	71.436919	72.566774
4.466667	446.696423	337.316926	367.559281	386.690814	-79.137142	49.373887	93.276299
4.500000	343.352093	415.811455	364.581491	376.384165	21.229398	-39.427290	44.779443
4.533333	377.686977	348.918945	360.887169	369.230173	-16.799808	20.311228	26.358671
4.566667	365.743315	375.345678	356.515689	367.121296	-9.227626	-8.224382	12.360807
4.600000	368.021105	364.915640	351.152801	368.683816	-16.868304	3.768175	17.284063
4.633333	359.608492	367.213491	349.739489	373.093027	-9.869004	5.879535	11.487653
4.666667	361.155059	361.569354	352.324904	383.035467	-8.830155	21.466113	23.211326
4.700000	356.466192	378.004337	352.358959	399.619095	-4.107233	21.614758	22.001525
4.733333	352.261821	384.663656	349.714597	415.382242	-2.547224	30.718586	30.824015
4.766667	348.721632	390.305823	348.532624	418.905756	-0.189009	28.599933	28.600557
4.800000	352.524366	385.842071	350.598891	411.633584	-1.925476	25.791513	25.863287
4.833333	362.529557	384.398879	357.110853	406.229496	-5.418705	21.830617	22.493070
4.866667	379.128851	386.650491	369.272295	408.598897	-9.856556	21.948406	24.060013
4.900000	393.381515	387.980971	383.629382	413.593053	-9.752133	25.612082	27.405890
4.933333	405.300688	387.285105	393.591962	415.392569	-11.708726	28.107463	30.448707
4.966667	411.755648	388.615157	398.659792	415.145512	-13.095856	26.530355	29.586504
5.000000	418.106428	393.722330	402.042111	416.005077	-16.064318	22.282748	27.469677
5.033333	422.755529	400.384163	404.678839	418.051008	-18.076690	17.666845	25.276157
5.066667	426.933586	409.992931	405.540310	420.419861	-21.393276	10.426929	23.799015
5.100000	427.019791	417.563353	405.816494	424.499447	-21.203297	6.936094	22.308949
5.133333	427.121920	419.782026	407.649269	427.698806	-19.472651	7.916780	21.020455
5.166667	429.212414	412.177767	410.932860	425.893479	-18.279555	13.715712	22.853072
5.200000	421.402766	398.360949	414.156478	422.133705	-7.246288	23.772757	24.852618
5.233333	421.311708	388.138103	414.068328	417.161488	-7.243380	29.023384	29.913599
5.266667	419.152460	382.282018	412.210562	411.613346	-6.941897	29.331328	30.141611
5.300000	430.199897	398.839038	413.723680	412.355101	-16.476217	13.516063	21.310788
5.333333	432.188965	407.282348	415.985872	417.428634	-16.203093	10.146287	19.117723
5.366667	427.523936	402.161504	417.747046	420.073929	-9.776890	17.912425	20.406924
5.400000	426.901792	398.664541	419.134150	419.427159	-7.767642	20.762617	22.168052
5.433333	423.764365	397.079850	414.190898	416.324658	-9.573467	19.244807	21.494508
5.466667	419.231145	391.800094	407.715673	414.771553	-11.515473	22.971460	25.696188
5.500000	415.117808	383.903853	404.717874	412.566121	-10.399934	28.662268	30.490724
5.533333	411.901282	374.378837	397.185758	400.378366	-14.715524	25.999528	29.875109
5.566667	405.450909	362.686434	388.568990	384.315172	-16.881919	21.628739	27.437229
5.600000	399.561304	357.615166	382.724593	377.448916	-16.836711	19.833751	26.016389
5.633333	391.884499	357.709527	369.876710	375.227269	-22.007789	17.517742	28.128527
5.666667	380.697559	357.059379	357.333713	373.192335	-23.363846	16.132956	28.392632
5.700000	369.589099	356.046573	352.044278	377.845836	-17.544821	21.799262	27.982648
5.733333	355.043274	360.319824	344.210275	389.378009	-10.833000	29.058185	31.011804
5.766667	344.403467	362.834240	338.011152	399.417996	-6.392316	36.583755	37.138024
5.800000	341.217014	359.037560	336.708475	399.648836	-4.508539	40.611275	40.860771
5.833333	339.968661	351.627659	334.841252	391.805644	-5.127409	40.177985	40.503837
5.866667	347.670208	348.751465	341.264775	387.250255	-6.405433	38.498791	39.028022
5.900000	366.222294	357.451552	359.179128	390.951577	-7.043166	33.500026	34.232410
5.933333	385.464394	363.865671	376.743994	398.142579	-8.720400	34.276907	35.368796
5.966667	398.667096	368.506162	387.824071	403.183512	-10.843025	34.677350	36.333040
6.000000	404.644640	366.128761	393.142218	404.880008	-11.502422	38.751247	40.422331
6.033333	409.793690	364.435160	394.851828	405.932980	-14.941862	41.497820	44.105876
6.066667	413.007198	370.575280	395.365087	408.303214	-17.642111	37.727934	41.649023
6.100000	415.136185	379.022828	394.554621	412.944039	-20.581564	33.921210	39.676810
6.133333	414.686522	386.879317	389.983083	419.680690	-24.703439	32.801373	41.063244
6.166667	408.612276	396.332318	383.434313	426.681400	-25.177963	30.349081	39.433445
6.200000	404.218519	402.398768	380.062714	432.011084	-24.155805	29.612316	38.215077
6.233333	402.634903	404.695883	382.025401	437.290053	-20.609502	32.594170	38.563344
6.266667	402.934123	405.887568	386.701087	442.876226	-16.233036	36.988658	40.393963
6.300000	395.930000	408.527169	390.316429	445.687608	-5.613571	37.160439	37.582049
6.333333	395.896430	404.307945	392.318156	446.184020	-3.578275	41.876074	42.028676
6.366667	403.228529	405.629700	394.190033	444.703040	-9.038495	39.073340	40.105116
6.400000	407.845699	414.374912	396.738027	440.938476	-11.107672	26.563563	28.792417
6.433333	404.358599	413.851885	400.446485	438.506081	-3.912115	24.654196	24.962652
6.466667	404.393307	407.238112	405.267332	438.399378	0.874025	31.161266	31.173521
6.500000	409.715594	404.122251	408.616190	437.755893	-1.099404	33.633643	33.651607
6.533333	415.379227	400.815041	407.625165	435.371758	-7.754061	34.556717	35.415988
6.566667	415.168417	395.628036	404.092580	432.441573	-11.075838	36.813537	38.443604
6.600000	409.886063	391.692506	399.810081	430.058153	-10.075982	38.365647	39.666715
6.633333	402.676617	388.995584	393.546206	427.405295	-9.130411	38.409711	39.479999
6.666667	401.031987	390.869184	387.102473	425.354080	-13.929514	34.484897	37.191927
6.700000	396.486654	398.150029	381.600960	426.434223	-14.885694	28.284195	31.962158
6.733333	388.283628	401.062381	375.844983	430.976308	-12.438645	29.913927	32.396958
6.766667	383.696658	408.739514	370.996720	437.629338	-12.699938	28.889824	31.558047
6.800000	380.127031	417.203101	369.636734	445.899212	-10.490297	28.696111	30.553447
6.833333	377.086805	417.610186	369.742598	449.561423	-7.344206	31.951237	32.784431
6.866667	373.427099	411.185182	367.858633	441.847325	-5.568465	30.662144	31.163678
6.900000	372.191818	402.004328	367.823321	430.982961	-4.368497	28.978632	29.306056
6.933333	387.880744	406.008685	374.319874	427.746532	-13.560870	21.737847	25.620914
6.966667	398.525081	408.953606	384.173809	429.693497	-14.351272	20.739891	25.221064
7.000000	399.233075	401.883030	391.230696	430.289858	-8.002379	28.406828	29.512471
7.033333	395.937360	390.596184	393.431686	428.281894	-2.505673	37.685710	37.768918
7.066667	397.210979	380.020413	392.936808	425.541914	-4.274172	45.521501	45.721719
7.100000	404.044892	383.916928	392.151846	424.359420	-11.893046	40.442493	42.154949
7.133333	404.124822	390.606232	391.658253	426.356684	-12.466569	35.750453	37.861725
7.166667	400.645394	390.946908	388.884678	428.274136	-11.760716	37.327229	39.136127
7.200000	398.862162	396.844038	383.544315	427.841411	-15.317847	30.997373	34.575621
7.233333	394.620717	403.169881	379.984403	429.341800	-14.636314	26.171919	29.986514
7.266667	391.932091	405.908819	376.830012	431.791085	-15.102079	25.882266	29.966056
7.300000	385.580208	402.362204	372.743914	433.397685	-12.836295	31.035481	33.585287
7.333333	371.058152	397.857287	368.277463	434.524261	-2.780689	36.666975	36.772262
7.366667	356.971611	382.838158	359.134815	429.157372	2.163204	46.319214	46.369700
7.400000	351.781164	373.444115	349.073098	418.412661	-2.708066	44.968546	45.050014
7.433333	354.914016	374.109656	345.692199	412.712448	-9.221816	38.602792	39.689010
7.466667	349.703514	372.952832	344.146878	412.056134	-5.556637	39.103301	39.496131
7.500000	347.706240	371.133927	342.901660	410.211410	-4.804581	39.077483	39.371737
7.533333	352.294128	366.409019	346.911008	406.694281	-5.383120	40.285262	40.643331
7.566667	356.875751	360.718766	351.093899	401.282861	-5.781853	40.564095	40.974085
7.600000	358.905517	349.971395	350.805254	393.888896	-8.100263	43.917502	44.658271
7.633333	359.722143	341.605356	348.250388	387.411987	-11.471755	45.806631	47.221272
7.666667	358.332628	339.549350	342.535102	382.595547	-15.797526	43.046198	45.853429
7.700000	355.136232	339.349000	334.443990	379.941587	-20.692242	40.592587	45.562342
7.733333	352.706831	346.016267	327.079611	380.086881	-25.627220	34.070614	42.632864
7.766667	343.780904	346.448562	320.889055	379.356374	-22.891849	32.907812	40.086916
7.800000	339.161341	348.200757	317.467298	378.612156	-21.694044	30.411399	37.356188
7.833333	333.511138	358.446605	315.879682	387.035179	-17.631456	28.588574	33.588314
7.866667	327.446051	367.527212	312.366523	405.344629	-15.079528	37.817417	40.713010
7.900000	317.065920	370.977852	306.821479	415.536326	-10.244441	44.558474	45.720960
7.933333	315.298089	362.940598	303.121458	406.588070	-12.176631	43.647473	45.314150
7.966667	307.994931	347.474376	303.436068	392.478541	-4.558863	45.004165	45.234479
8.000000	315.751963	343.143996	309.065203	386.748132	-6.686760	43.604136	44.113869
8.033333	333.201110	340.461004	323.661272	384.987606	-9.539838	44.526603	45.537093
8.066667	353.585202	334.391922	344.611210	381.880900	-8.973992	47.488978	48.329448
8.100000	373.328437	334.136400	362.884154	381.478607	-10.444283	47.342208	48.480591
8.133333	384.965876	341.451137	374.522573	386.248741	-10.443303	44.797604	45.998781
8.166667	396.772966	360.563136	380.524607	393.210997	-16.248360	32.647860	36.467684
8.200000	403.689939	373.117345	383.021427	399.880122	-20.668512	26.762777	33.814696
8.233333	406.712250	381.580384	385.026010	405.535947	-21.686240	23.955563	32.313496
8.266667	408.404872	389.016603	388.953809	411.124640	-19.451063	22.108037	29.446717
8.300000	412.503359	392.459195	393.927898	416.188310	-18.575461	23.729115	30.135007
8.333333	419.075338	397.920527	397.174870	418.714785	-21.900467	20.794258	30.199861
8.366667	417.455531	403.360896	398.335385	420.111815	-19.120147	16.750919	25.419939
8.400000	409.446620	400.087777	397.508811	420.773084	-11.937809	20.685307	23.882906
8.433333	407.196984	392.784496	396.474385	418.935810	-10.722599	26.151315	28.264207
8.466667	414.767203	392.430353	398.682546	417.823563	-16.084657	25.393210	30.058798
8.500000	418.315314	396.300063	404.899502	421.955112	-13.415812	25.655050	28.951089
8.533333	425.826558	406.088901	412.191633	423.941815	-13.634924	17.852914	22.464143
8.566667	426.566472	402.290736	416.285279	416.970710	-10.281193	14.679975	17.922182
8.600000	427.030751	391.396586	416.144001	408.582657	-10.886751	17.186071	20.344099
8.633333	424.643186	379.141512	414.712476	399.788379	-9.930710	20.646867	22.910961
8.666667	427.452845	375.036829	415.963879	388.518822	-11.488967	13.481994	17.713286
8.700000	433.770046	372.415400	420.907253	384.093723	-12.862793	11.678322	17.373389
8.733333	444.086384	379.032339	426.663371	386.269142	-17.423013	7.236803	18.866178
8.766667	453.526141	386.245664	433.431992	388.349542	-20.094149	2.103879	20.203988
8.800000	460.312884	394.288672	443.249581	393.465080	-17.063303	-0.823591	17.083168
8.833333	466.213086	399.587140	454.834533	400.802881	-11.378553	1.215741	11.443316
8.866667	469.223177	401.321989	466.324936	404.559884	-2.898241	3.237895	4.345546
8.900000	474.289228	403.274401	475.073715	405.782517	0.784487	2.508116	2.627939
8.933333	488.620837	408.358894	481.970289	407.626463	-6.650547	-0.732431	6.690757
8.966667	503.834569	412.698965	493.581663	408.901946	-10.252906	-3.797019	10.933409
9.000000	518.770006	414.491014	509.193117	408.804047	-9.576890	-5.686967	11.138151
9.033333	529.721928	414.936574	520.403238	408.171228	-9.318690	-6.765346	11.515550
9.066667	542.229987	419.136197	529.811326	408.403409	-12.418661	-10.732788	16.413893
9.100000	552.670813	424.406064	540.925034	409.436342	-11.745779	-14.969721	19.027766
9.133333	561.246127	424.318811	548.905219	409.752744	-12.340907	-14.566067	19.091053
9.166667	566.227024	427.289500	556.716097	409.815458	-9.510927	-17.474041	19.894719
9.200000	582.592744	418.798312	567.382367	410.138564	-15.210377	-8.659748	17.502766
9.233333	592.666652	420.774142	577.381834	409.625449	-15.284818	-11.148693	18.918747
9.266667	601.784708	423.166234	589.030689	407.660158	-12.754018	-15.506076	20.077434
9.300000	612.996038	419.170416	604.345502	404.757450	-8.650536	-14.412966	16.809681
9.333333	627.424414	414.961677	618.815288	401.503387	-8.609126	-13.458290	15.976314
9.366667	637.629562	408.750525	633.553656	397.167418	-4.075906	-11.583107	12.279306
9.400000	655.093357	406.503595	654.015749	392.208549	-1.077608	-14.295046	14.335606
9.433333	670.381322	404.296164	672.602071	388.613418	2.220749	-15.682746	15.839199
9.466667	682.004204	402.403461	686.506798	387.543839	4.502594	-14.859623	15.526807
9.500000	693.828854	401.924237	706.634985	389.295809	12.806132	-12.628428	17.985389
9.533333	706.341119	404.369728	723.159665	391.200828	16.818546	-13.168901	21.360792
9.566667	719.984229	403.976252	732.185617	392.154029	12.201389	-11.822222	16.989374
9.600000	734.112685	401.735181	749.677806	392.876089	15.565121	-8.859091	17.909676
9.633333	747.846208	399.869350	766.845668	392.704097	18.999460	-7.165253	20.305672
9.666667	761.097443	399.452892	776.787415	393.067892	15.689972	-6.385000	16.939405
9.700000	774.975382	400.682104	792.371651	395.313530	17.396269	-5.368574	18.205816
9.733333	784.603615	402.097454	805.931368	397.163572	21.327752	-4.933882	21.891008
9.766667	793.939637	401.402301	811.109898	397.710154	17.170261	-3.692148	17.562740
9.800000	804.107893	401.945989	819.180223	398.369456	15.072330	-3.576534	15.490859
9.833333	808.472356	400.376916	826.700743	398.866016	18.228387	-1.510900	18.290897
9.866667	812.738305	398.486888	828.569213	399.323983	15.830907	0.837095	15.853024
9.900000	814.809551	398.152608	830.548410	400.698762	15.738859	2.546154	15.943481
9.933333	814.420537	399.484779	831.108816	401.656735	16.688279	2.171955	16.829024
9.966667	811.785080	399.565486	829.544225	401.718915	17.759145	2.153429	17.889228
10.000000	811.426055	397.246225	828.425846	401.222470	16.999791	3.976246	17.458621
10.033333	810.698072	396.577477	825.806975	400.469222	15.108902	3.891745	15.602071
10.066667	808.182700	399.353205	822.929464	403.427726	14.746764	4.074521	15.299306
10.100000	804.581216	406.223702	819.905294	411.191487	15.324078	4.967785	16.109198
10.133333	799.833341	414.235616	816.361118	419.670605	16.527776	5.434989	17.398463
10.166667	797.130892	424.045400	812.724963	427.502111	15.594071	3.456710	15.972598
10.200000	789.058566	431.969417	807.708560	437.393940	18.649993	5.424523	19.422865
10.233333	781.044202	438.780444	802.052619	446.862557	21.008416	8.082113	22.509423
10.266667	774.016246	446.644912	796.728584	453.065160	22.712338	6.420248	23.602328
10.300000	767.037059	455.590886	791.561053	460.926182	24.523994	5.335296	25.097643
10.333333	760.101900	463.347855	787.271884	468.843307	27.169984	5.495452	27.720174
10.366667	754.093704	466.129369	783.651987	471.605206	29.558283	5.475837	30.061219
10.400000	750.777442	467.416522	779.320069	473.588370	28.542627	6.171847	29.202281
10.433333	747.849267	467.576762	775.923361	476.390694	28.074094	8.813932	29.425162
10.466667	744.808558	470.455244	775.403921	477.712676	30.595364	7.257432	31.444341
10.500000	742.830593	471.973678	774.921522	479.363810	32.090929	7.390133	32.930863
10.533333	741.395329	474.639559	774.340746	481.290035	32.945417	6.650477	33.609959
10.566667	739.176023	478.088741	775.235352	482.118501	36.059329	4.029760	36.283800
10.600000	739.157221	482.743961	776.076478	482.601072	36.919256	-0.142890	36.919533
10.633333	742.433535	484.576890	778.965984	482.676367	36.532449	-1.900524	36.581851
10.666667	745.391022	481.995317	783.587946	481.223130	38.196924	-0.772187	38.204729
10.700000	749.787935	477.838320	786.715127	479.375665	36.927192	1.537345	36.959179
10.733333	755.542175	473.555899	789.235085	477.873504	33.692910	4.317605	33.968425
10.766667	761.459317	471.080340	794.805883	476.796969	33.346566	5.716629	33.833021
10.800000	768.254077	468.592232	801.246444	476.013337	32.992368	7.421105	33.816699
10.833333	777.955536	469.731989	805.010032	475.175121	27.054496	5.443133	27.596620
10.866667	779.839356	471.283304	810.106519	475.294325	30.267163	4.011022	30.531778
10.900000	780.819594	474.386509	815.529685	475.790302	34.710091	1.403793	34.738467
10.933333	784.205397	475.665122	817.508154	476.933103	33.302757	1.267981	33.326887
10.966667	790.499657	475.838874	820.472438	480.872617	29.972781	5.033744	30.392535
11.000000	793.717973	480.345121	824.327015	485.036799	30.609042	4.691678	30.966519
11.033333	794.396554	486.429679	825.287350	486.722262	30.890796	0.292583	30.892181
11.066667	789.321461	492.852049	824.545220	488.505934	35.223759	-4.346115	35.490870
11.100000	787.249065	494.674812	823.777641	491.935645	36.528576	-2.739166	36.631133
11.133333	783.935782	494.992396	823.282491	493.791352	39.346709	-1.201044	39.365035
11.166667	782.577792	491.426026	821.096226	493.925470	38.518433	2.499444	38.599442
11.200000	780.652361	492.180918	816.690956	497.332960	36.038596	5.152042	36.404998
11.233333	775.512106	495.329895	813.278020	502.028622	37.765915	6.698727	38.355407
11.266667	771.684151	498.657222	812.347281	503.343571	40.663131	4.686349	40.932286
11.300000	769.388236	501.738881	809.888018	502.727741	40.499782	0.988861	40.511852
11.333333	765.869936	498.156079	807.216908	502.486189	41.346972	4.330110	41.573091
11.366667	763.801059	496.780892	807.374775	502.042246	43.573716	5.261354	43.890210
11.400000	762.677729	497.018215	807.008176	500.990292	44.330447	3.972077	44.508043
11.433333	764.381827	497.790636	806.761165	500.450451	42.379338	2.659814	42.462724
11.466667	766.284812	500.718162	808.164241	500.680376	41.879429	-0.037786	41.879446
11.500000	767.775359	499.384499	809.263208	500.860972	41.487849	1.476473	41.514113
11.533333	772.816476	497.752811	810.758216	499.914042	37.941740	2.161231	38.003244
11.566667	778.040406	488.851171	813.597114	496.045581	35.556708	7.194410	36.277253
11.600000	785.024672	475.868486	818.572812	488.406923	33.548140	12.538437	35.814663
11.633333	793.807540	468.063297	824.723392	480.725236	30.915851	12.661940	33.408301
11.666667	802.487383	464.711070	829.724257	478.773459	27.236874	14.062389	30.652864
11.700000	806.888417	466.941585	835.131588	479.271549	28.243171	12.329964	30.817280
11.733333	812.568952	465.666095	842.246672	475.516345	29.677720	9.850250	31.269706
11.766667	822.767325	457.014650	850.386914	470.377093	27.619590	13.362443	30.682187
11.800000	833.737670	445.726252	858.483913	465.072747	24.746244	19.346495	31.411199
11.833333	844.696736	434.498755	865.978186	456.298379	21.281451	21.799624	30.465123
11.866667	850.471985	426.275061	871.018967	446.297669	20.546982	20.022608	28.689428
11.900000	852.856362	415.200605	875.048482	439.138927	22.192119	23.938322	32.642509
11.933333	856.359108	404.268454	879.847157	432.464556	23.488049	28.196101	36.697528
11.966667	862.973123	405.219322	885.593946	425.242583	22.620823	20.023261	30.209810
12.000000	873.354670	404.768058	896.180541	421.339452	22.825871	16.571394	28.206940
12.033333	880.325234	403.014456	907.813288	419.178998	27.488054	16.164542	31.888643
12.066667	892.431448	410.589375	912.433362	422.103893	20.001913	11.514519	23.079443
12.100000	892.886911	422.338241	912.272159	440.070090	19.385248	17.731849	26.271778
12.133333	883.598790	443.124601	910.023528	463.217673	26.424738	20.093073	33.196360
12.166667	876.070649	459.102436	905.501569	473.228949	29.430920	14.126513	32.645634
12.200000	877.049925	461.237412	902.238154	470.837573	25.188229	9.600161	26.955703
12.233333	879.523631	461.465912	902.193402	465.200443	22.669771	3.734531	22.975318
12.266667	869.973188	449.920253	898.620487	460.361625	28.647300	10.441372	30.490819
12.300000	854.480228	444.178591	886.102743	458.008202	31.622515	13.829611	34.514368
12.333333	842.429165	446.856784	873.289261	457.897215	30.860097	11.040431	32.775550
12.366667	834.360268	443.117609	867.669826	456.024121	33.309558	12.906512	35.722608
12.400000	835.613062	433.862565	868.594413	450.066143	32.981351	16.203578	36.746775
12.433333	843.106772	428.041018	872.649212	442.991676	29.542439	14.950658	33.110087
12.466667	847.731820	426.359480	876.256472	440.254449	28.524652	13.894969	31.728945
12.500000	851.260991	427.036555	877.699613	441.491908	26.438622	14.455353	30.132341
12.533333	846.820342	436.869959	876.672081	441.304371	29.851739	4.434412	30.179303
12.566667	850.445986	432.004172	875.898526	437.639466	25.452540	5.635294	26.068915
12.600000	855.121805	417.820280	878.449245	429.927417	23.327439	12.107138	26.282165
12.633333	859.313525	412.851957	882.724008	421.322280	23.410483	8.470323	24.895724
12.666667	869.391415	405.476254	888.226989	418.726116	18.835573	13.249862	23.029062
12.700000	881.547980	400.711400	899.247533	421.133900	17.699553	20.422500	27.025038
12.733333	890.549662	405.737210	912.161275	424.013838	21.611613	18.276628	28.303656
12.766667	896.797561	408.261332	917.024659	428.859635	20.227097	20.598303	28.869111
12.800000	902.559294	413.461977	918.161259	436.600723	15.601965	23.138746	27.907398
12.833333	901.886240	408.424846	921.300493	442.298895	19.414253	33.874049	39.043109
12.866667	902.051672	402.858112	920.812451	439.645350	18.760779	36.787238	41.294887
12.900000	899.575999	394.504623	917.525489	429.608605	17.949490	35.103982	39.426815
12.933333	894.434177	392.212930	913.996397	420.263628	19.562220	28.050698	34.198277
12.966667	891.637128	389.081971	911.665923	417.107139	20.028795	28.025169	34.446519
13.000000	892.032018	390.292987	913.745270	417.347069	21.713252	27.054082	34.689893
13.033333	899.570021	394.131765	919.000291	418.288522	19.430269	24.156756	31.001359
13.066667	905.618109	397.435378	924.849041	420.598252	19.230933	23.162874	30.105606
13.100000	912.694976	406.115435	931.778395	425.291538	19.083418	19.176104	27.053647
13.133333	921.789460	408.106148	938.916896	434.311552	17.127435	26.205404	31.306105
13.166667	919.405397	417.359990	941.373662	444.917198	21.968265	27.557207	35.242082
13.200000	922.320762	421.088096	938.797990	450.569330	16.477228	29.481234	33.773395
13.233333	926.537289	417.731028	937.504090	449.973650	10.966800	32.242622	34.056679
13.266667	930.245629	416.462539	938.214791	445.652493	7.969162	29.189954	30.258238
13.300000	923.286697	412.465926	934.159719	439.065216	10.873022	26.599290	28.735776
13.333333	910.749432	406.506809	923.894758	432.207083	13.145325	25.700273	28.866999
13.366667	899.834665	400.728672	916.566791	428.132693	16.732126	27.404022	32.108323
13.400000	896.627959	396.405533	915.613980	424.850517	18.986021	28.444984	34.199212
13.433333	896.925418	389.051374	915.205385	418.928847	18.279967	29.877473	35.025999
13.466667	898.419367	388.891476	916.407942	414.822027	17.988575	25.930551	31.559187
13.500000	899.028411	387.755984	919.215647	415.332708	20.187235	27.576724	34.176018
13.533333	898.962447	390.184525	921.143245	416.731236	22.180797	26.546712	34.593579
13.566667	900.892390	394.241331	922.867427	416.283290	21.975038	22.041960	31.124753
13.600000	902.715287	396.909113	924.990268	414.704020	22.274980	17.794907	28.510235
13.633333	904.191938	394.759368	927.047279	412.160650	22.855341	17.401282	28.725794
13.666667	910.475076	389.396773	929.151208	408.301970	18.676132	18.905197	26.574506
13.700000	920.850072	371.296825	934.312059	404.310383	13.461986	33.013558	35.652771
13.733333	929.525490	358.129781	943.255673	399.396203	13.730183	41.266422	43.490637
13.766667	939.397650	361.361267	951.253888	393.676542	11.856238	32.315275	34.421613
13.800000	941.544768	362.447101	954.845463	392.154453	13.300695	29.707352	32.548967
13.833333	946.324292	368.907501	956.992882	396.903510	10.668590	27.996009	29.959896
13.866667	949.111319	363.194080	961.766938	403.558099	12.655619	40.364019	42.301521
13.900000	948.478441	358.906533	962.959197	406.397481	14.480757	47.490948	49.649597
13.933333	942.279789	352.831141	954.950016	402.947356	12.670227	50.116214	51.693032
13.966667	934.324649	348.948220	946.097897	394.735953	11.773248	45.787733	47.277118
14.000000	927.210151	344.078371	941.725859	387.210321	14.515709	43.131950	45.509020
14.033333	921.444991	335.050382	938.833557	383.649525	17.388566	48.599143	51.616266
14.066667	923.188608	330.887941	939.253718	378.186884	16.065110	47.298943	49.952756
14.100000	931.657597	330.563254	947.367201	371.436856	15.709604	40.873602	43.788617
14.133333	937.260402	331.548347	957.104030	372.625183	19.843629	41.076837	45.618813
14.166667	944.743140	340.009667	964.155582	381.370631	19.412442	41.360963	45.689957
14.200000	953.619531	354.003768	970.610210	392.679966	16.990680	38.676198	42.243715
14.233333	967.950946	362.309724	974.049617	404.671409	6.098671	42.361685	42.798437
14.266667	973.611955	356.206031	975.951298	411.154934	2.339343	54.948903	54.998677
14.300000	984.489199	349.165789	979.605216	408.069567	-4.883983	58.903778	59.105907
14.333333	982.878871	346.624071	976.842253	402.661614	-6.036618	56.037543	56.361751
14.366667	961.725998	348.770318	960.384112	401.849072	-1.341886	53.078754	53.095714
14.400000	935.720416	355.524260	940.022771	404.135981	4.302354	48.611722	48.801739
14.433333	915.496460	360.656100	927.696770	406.857622	12.200311	46.201522	47.785230
14.466667	905.866568	364.691838	920.694313	409.211683	14.827745	44.519846	46.924180
14.500000	901.057511	370.259503	915.841526	410.818075	14.784014	40.558572	43.169026
14.533333	895.445808	370.730407	912.534535	411.355116	17.088727	40.624709	44.072572
14.566667	888.833185	371.610675	907.486955	410.910429	18.653769	39.299754	43.502112
14.600000	884.223431	377.792240	903.754338	410.196816	19.530907	32.404576	37.835339
14.633333	881.776226	380.971824	902.133533	409.258190	20.357306	28.286366	34.850228
14.666667	881.672717	385.570184	902.321627	409.792222	20.648910	24.222038	31.828990
14.700000	883.172149	390.769330	905.211438	412.588932	22.039289	21.819602	31.013308
14.733333	896.081950	386.466287	907.733237	415.235077	11.651287	28.768791	31.038618
14.766667	902.851350	377.159002	911.021178	415.427073	8.169828	38.268071	39.130440
14.800000	904.377066	384.503827	917.071880	414.099398	12.694814	29.595571	32.203356
14.833333	906.504826	383.303162	921.599949	413.140816	15.095123	29.837654	33.438725
14.866667	914.224660	383.362198	924.203269	410.521456	9.978609	27.159258	28.934373
14.900000	920.989682	375.337791	928.572559	407.307402	7.582877	31.969611	32.856598
14.933333	922.315978	365.841371	932.160149	405.624319	9.844171	39.782948	40.982809
14.966667	923.515517	355.090083	931.747288	398.198752	8.231771	43.108669	43.887577
15.000000	919.898390	342.584388	928.801933	383.302569	8.903543	40.718182	41.680252
15.033333	914.754498	333.739557	925.960952	371.521886	11.206454	37.782329	39.409250
15.066667	917.840564	327.413425	930.382118	367.475154	12.541554	40.061729	41.978955
15.100000	926.679629	329.757385	942.656785	367.938619	15.977156	38.181234	41.389324
15.133333	939.201107	336.216806	952.427079	370.066995	13.225972	33.850189	36.342284
15.166667	943.846956	341.760759	958.247854	372.252589	14.400898	30.491829	33.721470
15.200000	950.682953	347.975085	963.114510	376.253845	12.431557	28.278759	30.890643
15.233333	962.909292	355.623731	965.939091	384.922767	3.029799	29.299035	29.455274
15.266667	958.828530	360.078435	966.164348	391.977468	7.335818	31.899033	32.731675
15.300000	965.077064	351.574028	966.457804	388.830684	1.380740	37.256656	37.282233
15.333333	969.535667	350.127053	965.464495	377.736777	-4.071173	27.609723	27.908265
15.366667	958.236287	338.556091	957.164200	366.876500	-1.072087	28.320409	28.340694
15.400000	938.507516	330.959700	942.223941	360.267918	3.716425	29.308218	29.542909
15.433333	915.915141	329.048932	924.617392	356.957275	8.702251	27.908343	29.233624
15.466667	902.253929	329.625164	909.040431	355.190881	6.786502	25.565718	26.451135
15.500000	896.197694	328.886819	901.597054	354.800581	5.399361	25.913762	26.470288
15.533333	893.791500	335.041854	900.812755	355.877029	7.021254	20.835175	21.986417
15.566667	893.430854	335.469848	901.558088	355.856365	8.127234	20.386517	21.946800
15.600000	893.572665	333.539019	903.141613	353.977559	9.568948	20.438540	22.567646
15.633333	895.108116	340.688570	906.781343	355.597510	11.673227	14.908940	18.935172
15.666667	897.644852	348.849779	909.970369	361.132572	12.325517	12.282793	17.400729
15.700000	901.909310	353.261782	911.248498	366.116384	9.339188	12.854602	15.889028
15.733333	907.633974	353.761361	913.646563	373.170365	6.012589	19.409004	20.318973
15.766667	907.652000	354.986981	914.150770	381.510013	6.498770	26.523033	27.307605
15.800000	913.687433	352.763014	917.620322	382.848885	3.932890	30.085872	30.341841
15.833333	924.447696	349.527134	930.571827	378.497790	6.124131	28.970656	29.610874
15.866667	929.833565	350.890190	940.887123	378.323557	11.053558	27.433367	29.576524
15.900000	934.617564	350.927280	943.683114	380.686879	9.065550	29.759599	31.109772
15.933333	943.265092	344.713931	949.126968	379.360851	5.861876	34.646921	35.139304
15.966667	945.987696	335.197970	955.142625	377.552967	9.154929	42.354996	43.333110
16.000000	946.123508	325.672393	954.990867	372.926571	8.867359	47.254178	48.078971
16.033333	945.411178	311.634049	952.761006	360.743907	7.349828	49.109859	49.656804
16.066667	942.432980	304.550150	951.569524	349.359941	9.136544	44.809791	45.731759
16.100000	949.964931	290.403791	952.685619	342.911015	2.720689	52.507224	52.577664
16.133333	957.921614	280.446126	958.094017	335.660556	0.172403	55.214430	55.214699
16.166667	961.492087	283.789397	964.642925	329.900386	3.150839	46.110990	46.218515
16.200000	967.848342	288.577233	971.766263	332.423509	3.917921	43.846275	44.020972
16.233333	973.695411	296.538237	979.082920	341.678476	5.387509	45.140240	45.460604
16.266667	979.678993	309.471501	980.980744	354.455299	1.301751	44.983798	45.002629
16.300000	977.601636	327.801304	978.575231	370.487277	0.973595	42.685973	42.697075
16.333333	972.455968	339.050931	976.198233	381.350719	3.742265	42.299788	42.465004
16.366667	975.325670	330.923796	976.760321	379.142727	1.434651	48.218932	48.240269
16.400000	982.223260	318.674944	978.377759	370.094367	-3.845501	51.419424	51.563020
16.433333	978.379888	311.039889	975.006828	363.945698	-3.373061	52.905809	53.013226
16.466667	966.133586	308.685232	965.177767	362.382991	-0.955820	53.697759	53.706265
16.500000	953.983938	310.944450	954.556101	363.419631	0.572164	52.475181	52.478300
16.533333	946.841863	312.256524	950.250812	365.657040	3.408949	53.400516	53.509215
16.566667	946.138405	309.902620	951.644500	366.514199	5.506095	56.611579	56.878713
16.600000	948.430549	313.190139	952.946492	366.144851	4.515944	52.954713	53.146922
16.633333	946.811202	316.047629	952.874562	366.582617	6.063361	50.534988	50.897439
16.666667	943.573948	313.015347	953.392211	365.906844	9.818264	52.891498	53.795063
16.700000	943.451805	320.506015	953.607671	365.444579	10.155867	44.938564	46.071859
16.733333	946.542162	325.957816	954.703144	367.308286	8.160983	41.350470	42.148108
16.766667	952.616424	324.869538	962.740664	366.368065	10.124240	41.498527	42.715664
16.800000	961.865257	318.713292	971.818149	363.185491	9.952892	44.472199	45.572322
16.833333	972.414846	312.985382	976.468894	363.091687	4.054048	50.106305	50.270042
16.866667	997.707007	303.190992	986.975971	365.337350	-10.731036	62.146358	63.066036
16.900000	1004.503756	310.970065	995.752999	369.734105	-8.750756	58.764040	59.412020
16.933333	1001.945271	319.150928	993.265655	372.840405	-8.679615	53.689477	54.386540
16.966667	1005.367187	319.062033	993.235401	368.373065	-12.131786	49.311032	50.781474
17.000000	1009.668003	310.472432	999.120263	363.446762	-10.547740	52.974331	54.014207
17.033333	1010.524557	299.410070	999.845583	358.642559	-10.678974	59.232489	60.187443
17.066667	1006.274878	286.876969	995.875883	345.053829	-10.398995	58.176859	59.098951
17.100000	999.756034	275.758897	993.760090	331.183351	-5.995943	55.424453	55.747837
17.133333	995.685930	264.887963	994.340733	322.104892	-1.345197	57.216929	57.232740
17.166667	992.618255	258.296308	996.929425	313.961057	4.311170	55.664749	55.831447
17.200000	994.740259	258.624632	1000.546516	311.401113	5.806257	52.776482	53.094912
17.233333	994.879810	263.869577	1003.219158	312.338854	8.339348	48.469277	49.181455
17.266667	998.491212	274.466080	1003.617836	318.382581	5.126624	43.916501	44.214718
17.300000	1004.616765	289.935555	1000.076345	335.954779	-4.540420	46.019224	46.242669
17.333333	997.520006	305.818114	992.928291	348.239402	-4.591714	42.421287	42.669069
17.366667	989.130294	305.027214	983.115546	342.614056	-6.014748	37.586842	38.065048
17.400000	977.568688	294.337770	972.994650	331.642094	-4.574038	37.304324	37.583699
17.433333	965.026924	283.584419	966.828144	323.404244	1.801220	39.819825	39.860543
17.466667	950.839741	277.686202	958.241346	318.458730	7.401605	40.772528	41.438904
17.500000	937.227554	282.304154	942.737060	320.108539	5.509506	37.804385	38.203746
17.533333	922.341069	292.609116	926.919976	325.126160	4.578907	32.517044	32.837852
17.566667	906.171531	303.198358	914.475676	328.744328	8.304144	25.545969	26.861783
17.600000	893.230583	310.270647	902.776107	330.838857	9.545524	20.568210	22.675279
17.633333	884.140666	315.841032	892.470186	330.953859	8.329520	15.112827	17.256258
17.666667	877.052008	315.528992	887.391433	329.308658	10.339425	13.779666	17.227389
17.700000	870.292243	313.476169	884.386720	326.771447	14.094477	13.295278	19.375724
17.733333	864.960512	312.082307	879.676672	323.970702	14.716160	11.888395	18.918227
17.766667	862.165513	316.879604	875.689218	321.999189	13.523706	5.119585	14.460317
17.800000	855.350444	318.332219	871.399007	320.972498	16.048564	2.640278	16.264301
17.833333	851.014607	319.364585	863.600586	320.817730	12.585979	1.453146	12.669590
17.866667	848.722123	318.941904	847.915527	322.645008	-0.806596	3.703104	3.789931
17.900000	826.337227	325.287600	823.536433	327.772806	-2.800793	2.485206	3.744422
17.933333	803.887375	329.013417	803.540855	332.253797	-0.346519	3.240380	3.258855
17.966667	788.737588	324.459520	791.492060	328.397419	2.754472	3.937899	4.805639
18.000000	769.043606	312.329731	776.245481	316.907626	7.201875	4.577895	8.533705
18.033333	784.566140	329.486249	761.446706	306.824212	-23.119434	-22.662038	32.374005
18.066667	845.680336	338.392595	748.770536	304.897381	-96.909800	-33.495214	102.535061
18.100000	833.770620	207.709336	723.365697	310.099511	-110.404923	102.390175	150.575546
18.133333	879.755339	282.221571	694.466053	318.943552	-185.289285	36.721981	188.893153
18.166667	764.512828	283.788672	676.617280	329.742709	-87.895549	45.954037	99.183673
18.200000	715.482729	309.335536	658.863447	341.481953	-56.619282	32.146417	65.108641
18.233333	657.691078	377.848971	640.438062	353.940540	-17.253016	-23.908430	29.483548
18.266667	627.431934	360.048065	628.481837	366.238065	1.049903	6.190001	6.278408
18.300000	621.626148	381.878478	617.999535	378.074943	-3.626612	-3.803535	5.255397
18.333333	612.327938	377.070194	607.839550	391.109215	-4.488388	14.039020	14.739054
18.366667	600.733692	387.707428	600.842813	404.423784	0.109121	16.716356	16.716712
18.400000	592.786101	394.316867	597.021640	414.543673	4.235539	20.226807	20.665515
18.433333	598.575934	407.329395	595.087296	422.011628	-3.488638	14.682233	15.091009
18.466667	597.770759	413.660214	593.468880	430.750233	-4.301879	17.090019	17.623135
18.500000	591.801182	425.352002	592.204495	438.426119	0.403313	13.074117	13.080336
18.533333	588.978618	427.959384	590.779126	441.383210	1.800508	13.423826	13.544036
18.566667	586.015628	432.682899	589.692975	444.188351	3.677347	11.505452	12.078837
18.600000	587.576668	429.073928	590.189853	447.805165	2.613185	18.731237	18.912640
18.633333	594.313274	434.612902	591.651854	448.769774	-2.661421	14.156871	14.404866
18.666667	597.675280	431.762786	591.969865	446.972618	-5.705415	15.209832	16.244714
18.700000	600.941685	426.343968	592.592144	442.527032	-8.349541	16.183064	18.210063
18.733333	607.963866	427.758071	593.707726	437.667111	-14.256140	9.909040	17.361642
18.766667	615.770235	427.770502	593.615858	436.276364	-22.154378	8.505862	23.731122
18.800000	608.635926	429.059850	596.049317	437.463186	-12.586609	8.403336	15.134027
18.833333	618.772802	423.285070	600.363972	437.823050	-18.408830	14.537980	23.457150
18.866667	635.602613	429.393878	602.371011	434.238298	-33.231603	4.844420	33.582850
18.900000	636.478591	423.593768	604.605040	426.431022	-31.873551	2.837254	31.999582
18.933333	628.976580	412.789414	607.317590	420.648513	-21.658990	7.859098	23.040774
18.966667	616.974333	403.233635	607.950139	419.624050	-9.024193	16.390416	18.710473
19.000000	630.562992	401.212428	608.269154	418.799534	-22.293838	17.587106	28.395801
19.033333	611.512290	404.550619	610.411312	419.281225	-1.100978	14.730606	14.771693
19.066667	622.985780	416.842094	613.023411	422.637383	-9.962369	5.795289	11.525371
19.100000	572.994877	357.418733	613.745037	424.844218	40.750160	67.425485	78.783066
19.133333	629.468829	231.383291	613.139521	426.586136	-16.329308	195.202845	195.884652
19.166667	655.799813	199.748900	611.790323	428.166711	-44.009490	228.417811	232.618855
19.200000	636.882523	312.476060	610.437492	427.661958	-26.445031	115.185898	118.182616
19.233333	634.249257	413.805828	609.629140	426.494891	-24.620117	12.689062	27.697698
19.266667	605.790723	425.688543	609.490818	426.277316	3.700095	0.588773	3.746646
19.300000	611.601336	424.592130	609.575232	426.901665	-2.026104	2.309535	3.072304
19.333333	596.749300	424.158218	609.013583	428.055488	12.264283	3.897270	12.868619
19.366667	595.912311	427.096939	608.964422	430.041530	13.052112	2.944591	13.380143
19.400000	592.967556	430.289918	609.411562	432.870697	16.444006	2.580779	16.645292
19.433333	595.555297	433.939482	608.947355	435.108664	13.392058	1.169182	13.442998
19.466667	591.937421	436.526318	608.356287	435.409739	16.418866	-1.116579	16.456790
19.500000	592.761760	436.079390	608.291597	434.730618	15.529837	-1.348773	15.588298
19.533333	591.943838	434.487586	608.035896	434.366503	16.092059	-0.121083	16.092514
19.566667	593.581660	431.520815	607.951719	433.975320	14.370059	2.454505	14.578175
19.600000	596.540108	427.897077	610.286597	434.226650	13.746490	6.329573	15.133720
19.633333	599.172671	424.857018	613.417721	434.528777	14.245050	9.671759	17.218140
19.666667	602.557664	424.974182	614.458565	433.624820	11.900900	8.650638	14.712748
19.700000	604.482222	428.387132	616.721572	434.230388	12.239350	5.843256	13.562645
19.733333	605.320167	431.771803	619.746891	435.761349	14.426724	3.989546	14.968194
